fecha_inicio_semana,y_current,y_true_level,y_true_delta,y_true,y_pred,y_true_label,y_pred_label,y_true_label_3clases,y_pred_label_3clases,selected_feature_count,selected_features,proba_baja_fuerte,proba_baja_moderada,proba_se_mantiene,proba_sube_moderada,proba_sube_fuerte,horizonte_sem,target_mode_clf,feature_mode,run_id,model_name
2025-09-01,0.0328375249929476,0.037083177521204,0.0042456525282563995,2,2,se_mantiene,se_mantiene,se_mantiene,se_mantiene,83,"sentimiento_medios,v5_agua_neto,v5_alumbrado_neto,v5_americo_neto,v5_basura_neto,v5_corrupcion_neto,v5_delitos_neto,v5_morena_neto,v5_obras_neto,v5_prevencion_neto,v5_vialidad_neto,y_t_aceptacion_digital_lag1,y_t_aceptacion_digital_lag2,y_t_aceptacion_digital_lag3,y_t_aceptacion_digital_lag4,y_t_aceptacion_digital_lag5,y_t_aceptacion_digital_lag6,sentimiento_medios_lag1,sentimiento_medios_lag2,sentimiento_medios_lag3,sentimiento_medios_lag4,sentimiento_medios_lag5,sentimiento_medios_lag6,v5_agua_neto_lag1,v5_agua_neto_lag2,v5_agua_neto_lag3,v5_agua_neto_lag4,v5_agua_neto_lag5,v5_agua_neto_lag6,v5_alumbrado_neto_lag1,v5_alumbrado_neto_lag2,v5_alumbrado_neto_lag3,v5_alumbrado_neto_lag4,v5_alumbrado_neto_lag5,v5_alumbrado_neto_lag6,v5_americo_neto_lag1,v5_americo_neto_lag2,v5_americo_neto_lag3,v5_americo_neto_lag4,v5_americo_neto_lag5,v5_americo_neto_lag6,v5_basura_neto_lag1,v5_basura_neto_lag2,v5_basura_neto_lag3,v5_basura_neto_lag4,v5_basura_neto_lag5,v5_basura_neto_lag6,v5_corrupcion_neto_lag1,v5_corrupcion_neto_lag2,v5_corrupcion_neto_lag3,v5_corrupcion_neto_lag4,v5_corrupcion_neto_lag5,v5_corrupcion_neto_lag6,v5_delitos_neto_lag1,v5_delitos_neto_lag2,v5_delitos_neto_lag3,v5_delitos_neto_lag4,v5_delitos_neto_lag5,v5_delitos_neto_lag6,v5_morena_neto_lag1,v5_morena_neto_lag2,v5_morena_neto_lag3,v5_morena_neto_lag4,v5_morena_neto_lag5,v5_morena_neto_lag6,v5_obras_neto_lag1,v5_obras_neto_lag2,v5_obras_neto_lag3,v5_obras_neto_lag4,v5_obras_neto_lag5,v5_obras_neto_lag6,v5_prevencion_neto_lag1,v5_prevencion_neto_lag2,v5_prevencion_neto_lag3,v5_prevencion_neto_lag4,v5_prevencion_neto_lag5,v5_prevencion_neto_lag6,v5_vialidad_neto_lag1,v5_vialidad_neto_lag2,v5_vialidad_neto_lag3,v5_vialidad_neto_lag4,v5_vialidad_neto_lag5,v5_vialidad_neto_lag6",1.0,,,,,4,bandas_5clases,all,C1_v1_clean,random_forest_classifier
2025-09-08,0.0750438311217277,0.0408302409621366,-0.0342135901595911,2,2,se_mantiene,se_mantiene,se_mantiene,se_mantiene,83,"sentimiento_medios,v5_agua_neto,v5_alumbrado_neto,v5_americo_neto,v5_basura_neto,v5_corrupcion_neto,v5_delitos_neto,v5_morena_neto,v5_obras_neto,v5_prevencion_neto,v5_vialidad_neto,y_t_aceptacion_digital_lag1,y_t_aceptacion_digital_lag2,y_t_aceptacion_digital_lag3,y_t_aceptacion_digital_lag4,y_t_aceptacion_digital_lag5,y_t_aceptacion_digital_lag6,sentimiento_medios_lag1,sentimiento_medios_lag2,sentimiento_medios_lag3,sentimiento_medios_lag4,sentimiento_medios_lag5,sentimiento_medios_lag6,v5_agua_neto_lag1,v5_agua_neto_lag2,v5_agua_neto_lag3,v5_agua_neto_lag4,v5_agua_neto_lag5,v5_agua_neto_lag6,v5_alumbrado_neto_lag1,v5_alumbrado_neto_lag2,v5_alumbrado_neto_lag3,v5_alumbrado_neto_lag4,v5_alumbrado_neto_lag5,v5_alumbrado_neto_lag6,v5_americo_neto_lag1,v5_americo_neto_lag2,v5_americo_neto_lag3,v5_americo_neto_lag4,v5_americo_neto_lag5,v5_americo_neto_lag6,v5_basura_neto_lag1,v5_basura_neto_lag2,v5_basura_neto_lag3,v5_basura_neto_lag4,v5_basura_neto_lag5,v5_basura_neto_lag6,v5_corrupcion_neto_lag1,v5_corrupcion_neto_lag2,v5_corrupcion_neto_lag3,v5_corrupcion_neto_lag4,v5_corrupcion_neto_lag5,v5_corrupcion_neto_lag6,v5_delitos_neto_lag1,v5_delitos_neto_lag2,v5_delitos_neto_lag3,v5_delitos_neto_lag4,v5_delitos_neto_lag5,v5_delitos_neto_lag6,v5_morena_neto_lag1,v5_morena_neto_lag2,v5_morena_neto_lag3,v5_morena_neto_lag4,v5_morena_neto_lag5,v5_morena_neto_lag6,v5_obras_neto_lag1,v5_obras_neto_lag2,v5_obras_neto_lag3,v5_obras_neto_lag4,v5_obras_neto_lag5,v5_obras_neto_lag6,v5_prevencion_neto_lag1,v5_prevencion_neto_lag2,v5_prevencion_neto_lag3,v5_prevencion_neto_lag4,v5_prevencion_neto_lag5,v5_prevencion_neto_lag6,v5_vialidad_neto_lag1,v5_vialidad_neto_lag2,v5_vialidad_neto_lag3,v5_vialidad_neto_lag4,v5_vialidad_neto_lag5,v5_vialidad_neto_lag6",1.0,,,,,4,bandas_5clases,all,C1_v1_clean,random_forest_classifier
2025-09-15,0.244150207322864,-0.03166218933480322,-0.2758123966576672,2,2,se_mantiene,se_mantiene,se_mantiene,se_mantiene,83,"sentimiento_medios,v5_agua_neto,v5_alumbrado_neto,v5_americo_neto,v5_basura_neto,v5_corrupcion_neto,v5_delitos_neto,v5_morena_neto,v5_obras_neto,v5_prevencion_neto,v5_vialidad_neto,y_t_aceptacion_digital_lag1,y_t_aceptacion_digital_lag2,y_t_aceptacion_digital_lag3,y_t_aceptacion_digital_lag4,y_t_aceptacion_digital_lag5,y_t_aceptacion_digital_lag6,sentimiento_medios_lag1,sentimiento_medios_lag2,sentimiento_medios_lag3,sentimiento_medios_lag4,sentimiento_medios_lag5,sentimiento_medios_lag6,v5_agua_neto_lag1,v5_agua_neto_lag2,v5_agua_neto_lag3,v5_agua_neto_lag4,v5_agua_neto_lag5,v5_agua_neto_lag6,v5_alumbrado_neto_lag1,v5_alumbrado_neto_lag2,v5_alumbrado_neto_lag3,v5_alumbrado_neto_lag4,v5_alumbrado_neto_lag5,v5_alumbrado_neto_lag6,v5_americo_neto_lag1,v5_americo_neto_lag2,v5_americo_neto_lag3,v5_americo_neto_lag4,v5_americo_neto_lag5,v5_americo_neto_lag6,v5_basura_neto_lag1,v5_basura_neto_lag2,v5_basura_neto_lag3,v5_basura_neto_lag4,v5_basura_neto_lag5,v5_basura_neto_lag6,v5_corrupcion_neto_lag1,v5_corrupcion_neto_lag2,v5_corrupcion_neto_lag3,v5_corrupcion_neto_lag4,v5_corrupcion_neto_lag5,v5_corrupcion_neto_lag6,v5_delitos_neto_lag1,v5_delitos_neto_lag2,v5_delitos_neto_lag3,v5_delitos_neto_lag4,v5_delitos_neto_lag5,v5_delitos_neto_lag6,v5_morena_neto_lag1,v5_morena_neto_lag2,v5_morena_neto_lag3,v5_morena_neto_lag4,v5_morena_neto_lag5,v5_morena_neto_lag6,v5_obras_neto_lag1,v5_obras_neto_lag2,v5_obras_neto_lag3,v5_obras_neto_lag4,v5_obras_neto_lag5,v5_obras_neto_lag6,v5_prevencion_neto_lag1,v5_prevencion_neto_lag2,v5_prevencion_neto_lag3,v5_prevencion_neto_lag4,v5_prevencion_neto_lag5,v5_prevencion_neto_lag6,v5_vialidad_neto_lag1,v5_vialidad_neto_lag2,v5_vialidad_neto_lag3,v5_vialidad_neto_lag4,v5_vialidad_neto_lag5,v5_vialidad_neto_lag6",1.0,,,,,4,bandas_5clases,all,C1_v1_clean,random_forest_classifier
2025-09-22,0.0353374615739687,0.167412720914919,0.1320752593409503,2,2,se_mantiene,se_mantiene,se_mantiene,se_mantiene,83,"sentimiento_medios,v5_agua_neto,v5_alumbrado_neto,v5_americo_neto,v5_basura_neto,v5_corrupcion_neto,v5_delitos_neto,v5_morena_neto,v5_obras_neto,v5_prevencion_neto,v5_vialidad_neto,y_t_aceptacion_digital_lag1,y_t_aceptacion_digital_lag2,y_t_aceptacion_digital_lag3,y_t_aceptacion_digital_lag4,y_t_aceptacion_digital_lag5,y_t_aceptacion_digital_lag6,sentimiento_medios_lag1,sentimiento_medios_lag2,sentimiento_medios_lag3,sentimiento_medios_lag4,sentimiento_medios_lag5,sentimiento_medios_lag6,v5_agua_neto_lag1,v5_agua_neto_lag2,v5_agua_neto_lag3,v5_agua_neto_lag4,v5_agua_neto_lag5,v5_agua_neto_lag6,v5_alumbrado_neto_lag1,v5_alumbrado_neto_lag2,v5_alumbrado_neto_lag3,v5_alumbrado_neto_lag4,v5_alumbrado_neto_lag5,v5_alumbrado_neto_lag6,v5_americo_neto_lag1,v5_americo_neto_lag2,v5_americo_neto_lag3,v5_americo_neto_lag4,v5_americo_neto_lag5,v5_americo_neto_lag6,v5_basura_neto_lag1,v5_basura_neto_lag2,v5_basura_neto_lag3,v5_basura_neto_lag4,v5_basura_neto_lag5,v5_basura_neto_lag6,v5_corrupcion_neto_lag1,v5_corrupcion_neto_lag2,v5_corrupcion_neto_lag3,v5_corrupcion_neto_lag4,v5_corrupcion_neto_lag5,v5_corrupcion_neto_lag6,v5_delitos_neto_lag1,v5_delitos_neto_lag2,v5_delitos_neto_lag3,v5_delitos_neto_lag4,v5_delitos_neto_lag5,v5_delitos_neto_lag6,v5_morena_neto_lag1,v5_morena_neto_lag2,v5_morena_neto_lag3,v5_morena_neto_lag4,v5_morena_neto_lag5,v5_morena_neto_lag6,v5_obras_neto_lag1,v5_obras_neto_lag2,v5_obras_neto_lag3,v5_obras_neto_lag4,v5_obras_neto_lag5,v5_obras_neto_lag6,v5_prevencion_neto_lag1,v5_prevencion_neto_lag2,v5_prevencion_neto_lag3,v5_prevencion_neto_lag4,v5_prevencion_neto_lag5,v5_prevencion_neto_lag6,v5_vialidad_neto_lag1,v5_vialidad_neto_lag2,v5_vialidad_neto_lag3,v5_vialidad_neto_lag4,v5_vialidad_neto_lag5,v5_vialidad_neto_lag6",1.0,,,,,4,bandas_5clases,all,C1_v1_clean,random_forest_classifier
2025-09-29,0.037083177521204,0.134823580717908,0.09774040319670402,2,2,se_mantiene,se_mantiene,se_mantiene,se_mantiene,83,"sentimiento_medios,v5_agua_neto,v5_alumbrado_neto,v5_americo_neto,v5_basura_neto,v5_corrupcion_neto,v5_delitos_neto,v5_morena_neto,v5_obras_neto,v5_prevencion_neto,v5_vialidad_neto,y_t_aceptacion_digital_lag1,y_t_aceptacion_digital_lag2,y_t_aceptacion_digital_lag3,y_t_aceptacion_digital_lag4,y_t_aceptacion_digital_lag5,y_t_aceptacion_digital_lag6,sentimiento_medios_lag1,sentimiento_medios_lag2,sentimiento_medios_lag3,sentimiento_medios_lag4,sentimiento_medios_lag5,sentimiento_medios_lag6,v5_agua_neto_lag1,v5_agua_neto_lag2,v5_agua_neto_lag3,v5_agua_neto_lag4,v5_agua_neto_lag5,v5_agua_neto_lag6,v5_alumbrado_neto_lag1,v5_alumbrado_neto_lag2,v5_alumbrado_neto_lag3,v5_alumbrado_neto_lag4,v5_alumbrado_neto_lag5,v5_alumbrado_neto_lag6,v5_americo_neto_lag1,v5_americo_neto_lag2,v5_americo_neto_lag3,v5_americo_neto_lag4,v5_americo_neto_lag5,v5_americo_neto_lag6,v5_basura_neto_lag1,v5_basura_neto_lag2,v5_basura_neto_lag3,v5_basura_neto_lag4,v5_basura_neto_lag5,v5_basura_neto_lag6,v5_corrupcion_neto_lag1,v5_corrupcion_neto_lag2,v5_corrupcion_neto_lag3,v5_corrupcion_neto_lag4,v5_corrupcion_neto_lag5,v5_corrupcion_neto_lag6,v5_delitos_neto_lag1,v5_delitos_neto_lag2,v5_delitos_neto_lag3,v5_delitos_neto_lag4,v5_delitos_neto_lag5,v5_delitos_neto_lag6,v5_morena_neto_lag1,v5_morena_neto_lag2,v5_morena_neto_lag3,v5_morena_neto_lag4,v5_morena_neto_lag5,v5_morena_neto_lag6,v5_obras_neto_lag1,v5_obras_neto_lag2,v5_obras_neto_lag3,v5_obras_neto_lag4,v5_obras_neto_lag5,v5_obras_neto_lag6,v5_prevencion_neto_lag1,v5_prevencion_neto_lag2,v5_prevencion_neto_lag3,v5_prevencion_neto_lag4,v5_prevencion_neto_lag5,v5_prevencion_neto_lag6,v5_vialidad_neto_lag1,v5_vialidad_neto_lag2,v5_vialidad_neto_lag3,v5_vialidad_neto_lag4,v5_vialidad_neto_lag5,v5_vialidad_neto_lag6",1.0,,,,,4,bandas_5clases,all,C1_v1_clean,random_forest_classifier
2025-10-06,0.0408302409621366,0.170657905569605,0.1298276646074684,2,2,se_mantiene,se_mantiene,se_mantiene,se_mantiene,83,"sentimiento_medios,v5_agua_neto,v5_alumbrado_neto,v5_americo_neto,v5_basura_neto,v5_corrupcion_neto,v5_delitos_neto,v5_morena_neto,v5_obras_neto,v5_prevencion_neto,v5_vialidad_neto,y_t_aceptacion_digital_lag1,y_t_aceptacion_digital_lag2,y_t_aceptacion_digital_lag3,y_t_aceptacion_digital_lag4,y_t_aceptacion_digital_lag5,y_t_aceptacion_digital_lag6,sentimiento_medios_lag1,sentimiento_medios_lag2,sentimiento_medios_lag3,sentimiento_medios_lag4,sentimiento_medios_lag5,sentimiento_medios_lag6,v5_agua_neto_lag1,v5_agua_neto_lag2,v5_agua_neto_lag3,v5_agua_neto_lag4,v5_agua_neto_lag5,v5_agua_neto_lag6,v5_alumbrado_neto_lag1,v5_alumbrado_neto_lag2,v5_alumbrado_neto_lag3,v5_alumbrado_neto_lag4,v5_alumbrado_neto_lag5,v5_alumbrado_neto_lag6,v5_americo_neto_lag1,v5_americo_neto_lag2,v5_americo_neto_lag3,v5_americo_neto_lag4,v5_americo_neto_lag5,v5_americo_neto_lag6,v5_basura_neto_lag1,v5_basura_neto_lag2,v5_basura_neto_lag3,v5_basura_neto_lag4,v5_basura_neto_lag5,v5_basura_neto_lag6,v5_corrupcion_neto_lag1,v5_corrupcion_neto_lag2,v5_corrupcion_neto_lag3,v5_corrupcion_neto_lag4,v5_corrupcion_neto_lag5,v5_corrupcion_neto_lag6,v5_delitos_neto_lag1,v5_delitos_neto_lag2,v5_delitos_neto_lag3,v5_delitos_neto_lag4,v5_delitos_neto_lag5,v5_delitos_neto_lag6,v5_morena_neto_lag1,v5_morena_neto_lag2,v5_morena_neto_lag3,v5_morena_neto_lag4,v5_morena_neto_lag5,v5_morena_neto_lag6,v5_obras_neto_lag1,v5_obras_neto_lag2,v5_obras_neto_lag3,v5_obras_neto_lag4,v5_obras_neto_lag5,v5_obras_neto_lag6,v5_prevencion_neto_lag1,v5_prevencion_neto_lag2,v5_prevencion_neto_lag3,v5_prevencion_neto_lag4,v5_prevencion_neto_lag5,v5_prevencion_neto_lag6,v5_vialidad_neto_lag1,v5_vialidad_neto_lag2,v5_vialidad_neto_lag3,v5_vialidad_neto_lag4,v5_vialidad_neto_lag5,v5_vialidad_neto_lag6",1.0,,,,,4,bandas_5clases,all,C1_v1_clean,random_forest_classifier
2025-10-13,-0.0316621893348032,0.0692562741764684,0.1009184635112716,2,2,se_mantiene,se_mantiene,se_mantiene,se_mantiene,83,"sentimiento_medios,v5_agua_neto,v5_alumbrado_neto,v5_americo_neto,v5_basura_neto,v5_corrupcion_neto,v5_delitos_neto,v5_morena_neto,v5_obras_neto,v5_prevencion_neto,v5_vialidad_neto,y_t_aceptacion_digital_lag1,y_t_aceptacion_digital_lag2,y_t_aceptacion_digital_lag3,y_t_aceptacion_digital_lag4,y_t_aceptacion_digital_lag5,y_t_aceptacion_digital_lag6,sentimiento_medios_lag1,sentimiento_medios_lag2,sentimiento_medios_lag3,sentimiento_medios_lag4,sentimiento_medios_lag5,sentimiento_medios_lag6,v5_agua_neto_lag1,v5_agua_neto_lag2,v5_agua_neto_lag3,v5_agua_neto_lag4,v5_agua_neto_lag5,v5_agua_neto_lag6,v5_alumbrado_neto_lag1,v5_alumbrado_neto_lag2,v5_alumbrado_neto_lag3,v5_alumbrado_neto_lag4,v5_alumbrado_neto_lag5,v5_alumbrado_neto_lag6,v5_americo_neto_lag1,v5_americo_neto_lag2,v5_americo_neto_lag3,v5_americo_neto_lag4,v5_americo_neto_lag5,v5_americo_neto_lag6,v5_basura_neto_lag1,v5_basura_neto_lag2,v5_basura_neto_lag3,v5_basura_neto_lag4,v5_basura_neto_lag5,v5_basura_neto_lag6,v5_corrupcion_neto_lag1,v5_corrupcion_neto_lag2,v5_corrupcion_neto_lag3,v5_corrupcion_neto_lag4,v5_corrupcion_neto_lag5,v5_corrupcion_neto_lag6,v5_delitos_neto_lag1,v5_delitos_neto_lag2,v5_delitos_neto_lag3,v5_delitos_neto_lag4,v5_delitos_neto_lag5,v5_delitos_neto_lag6,v5_morena_neto_lag1,v5_morena_neto_lag2,v5_morena_neto_lag3,v5_morena_neto_lag4,v5_morena_neto_lag5,v5_morena_neto_lag6,v5_obras_neto_lag1,v5_obras_neto_lag2,v5_obras_neto_lag3,v5_obras_neto_lag4,v5_obras_neto_lag5,v5_obras_neto_lag6,v5_prevencion_neto_lag1,v5_prevencion_neto_lag2,v5_prevencion_neto_lag3,v5_prevencion_neto_lag4,v5_prevencion_neto_lag5,v5_prevencion_neto_lag6,v5_vialidad_neto_lag1,v5_vialidad_neto_lag2,v5_vialidad_neto_lag3,v5_vialidad_neto_lag4,v5_vialidad_neto_lag5,v5_vialidad_neto_lag6",1.0,,,,,4,bandas_5clases,all,C1_v1_clean,random_forest_classifier
2025-10-20,0.167412720914919,0.218016998769719,0.05060427785480001,2,2,se_mantiene,se_mantiene,se_mantiene,se_mantiene,83,"sentimiento_medios,v5_agua_neto,v5_alumbrado_neto,v5_americo_neto,v5_basura_neto,v5_corrupcion_neto,v5_delitos_neto,v5_morena_neto,v5_obras_neto,v5_prevencion_neto,v5_vialidad_neto,y_t_aceptacion_digital_lag1,y_t_aceptacion_digital_lag2,y_t_aceptacion_digital_lag3,y_t_aceptacion_digital_lag4,y_t_aceptacion_digital_lag5,y_t_aceptacion_digital_lag6,sentimiento_medios_lag1,sentimiento_medios_lag2,sentimiento_medios_lag3,sentimiento_medios_lag4,sentimiento_medios_lag5,sentimiento_medios_lag6,v5_agua_neto_lag1,v5_agua_neto_lag2,v5_agua_neto_lag3,v5_agua_neto_lag4,v5_agua_neto_lag5,v5_agua_neto_lag6,v5_alumbrado_neto_lag1,v5_alumbrado_neto_lag2,v5_alumbrado_neto_lag3,v5_alumbrado_neto_lag4,v5_alumbrado_neto_lag5,v5_alumbrado_neto_lag6,v5_americo_neto_lag1,v5_americo_neto_lag2,v5_americo_neto_lag3,v5_americo_neto_lag4,v5_americo_neto_lag5,v5_americo_neto_lag6,v5_basura_neto_lag1,v5_basura_neto_lag2,v5_basura_neto_lag3,v5_basura_neto_lag4,v5_basura_neto_lag5,v5_basura_neto_lag6,v5_corrupcion_neto_lag1,v5_corrupcion_neto_lag2,v5_corrupcion_neto_lag3,v5_corrupcion_neto_lag4,v5_corrupcion_neto_lag5,v5_corrupcion_neto_lag6,v5_delitos_neto_lag1,v5_delitos_neto_lag2,v5_delitos_neto_lag3,v5_delitos_neto_lag4,v5_delitos_neto_lag5,v5_delitos_neto_lag6,v5_morena_neto_lag1,v5_morena_neto_lag2,v5_morena_neto_lag3,v5_morena_neto_lag4,v5_morena_neto_lag5,v5_morena_neto_lag6,v5_obras_neto_lag1,v5_obras_neto_lag2,v5_obras_neto_lag3,v5_obras_neto_lag4,v5_obras_neto_lag5,v5_obras_neto_lag6,v5_prevencion_neto_lag1,v5_prevencion_neto_lag2,v5_prevencion_neto_lag3,v5_prevencion_neto_lag4,v5_prevencion_neto_lag5,v5_prevencion_neto_lag6,v5_vialidad_neto_lag1,v5_vialidad_neto_lag2,v5_vialidad_neto_lag3,v5_vialidad_neto_lag4,v5_vialidad_neto_lag5,v5_vialidad_neto_lag6",1.0,,,,,4,bandas_5clases,all,C1_v1_clean,random_forest_classifier
2025-10-27,0.134823580717908,0.12751595957534,-0.007307621142567999,2,2,se_mantiene,se_mantiene,se_mantiene,se_mantiene,83,"sentimiento_medios,v5_agua_neto,v5_alumbrado_neto,v5_americo_neto,v5_basura_neto,v5_corrupcion_neto,v5_delitos_neto,v5_morena_neto,v5_obras_neto,v5_prevencion_neto,v5_vialidad_neto,y_t_aceptacion_digital_lag1,y_t_aceptacion_digital_lag2,y_t_aceptacion_digital_lag3,y_t_aceptacion_digital_lag4,y_t_aceptacion_digital_lag5,y_t_aceptacion_digital_lag6,sentimiento_medios_lag1,sentimiento_medios_lag2,sentimiento_medios_lag3,sentimiento_medios_lag4,sentimiento_medios_lag5,sentimiento_medios_lag6,v5_agua_neto_lag1,v5_agua_neto_lag2,v5_agua_neto_lag3,v5_agua_neto_lag4,v5_agua_neto_lag5,v5_agua_neto_lag6,v5_alumbrado_neto_lag1,v5_alumbrado_neto_lag2,v5_alumbrado_neto_lag3,v5_alumbrado_neto_lag4,v5_alumbrado_neto_lag5,v5_alumbrado_neto_lag6,v5_americo_neto_lag1,v5_americo_neto_lag2,v5_americo_neto_lag3,v5_americo_neto_lag4,v5_americo_neto_lag5,v5_americo_neto_lag6,v5_basura_neto_lag1,v5_basura_neto_lag2,v5_basura_neto_lag3,v5_basura_neto_lag4,v5_basura_neto_lag5,v5_basura_neto_lag6,v5_corrupcion_neto_lag1,v5_corrupcion_neto_lag2,v5_corrupcion_neto_lag3,v5_corrupcion_neto_lag4,v5_corrupcion_neto_lag5,v5_corrupcion_neto_lag6,v5_delitos_neto_lag1,v5_delitos_neto_lag2,v5_delitos_neto_lag3,v5_delitos_neto_lag4,v5_delitos_neto_lag5,v5_delitos_neto_lag6,v5_morena_neto_lag1,v5_morena_neto_lag2,v5_morena_neto_lag3,v5_morena_neto_lag4,v5_morena_neto_lag5,v5_morena_neto_lag6,v5_obras_neto_lag1,v5_obras_neto_lag2,v5_obras_neto_lag3,v5_obras_neto_lag4,v5_obras_neto_lag5,v5_obras_neto_lag6,v5_prevencion_neto_lag1,v5_prevencion_neto_lag2,v5_prevencion_neto_lag3,v5_prevencion_neto_lag4,v5_prevencion_neto_lag5,v5_prevencion_neto_lag6,v5_vialidad_neto_lag1,v5_vialidad_neto_lag2,v5_vialidad_neto_lag3,v5_vialidad_neto_lag4,v5_vialidad_neto_lag5,v5_vialidad_neto_lag6",1.0,,,,,4,bandas_5clases,all,C1_v1_clean,random_forest_classifier
2025-11-03,0.170657905569605,0.279605962079427,0.108948056509822,2,2,se_mantiene,se_mantiene,se_mantiene,se_mantiene,83,"sentimiento_medios,v5_agua_neto,v5_alumbrado_neto,v5_americo_neto,v5_basura_neto,v5_corrupcion_neto,v5_delitos_neto,v5_morena_neto,v5_obras_neto,v5_prevencion_neto,v5_vialidad_neto,y_t_aceptacion_digital_lag1,y_t_aceptacion_digital_lag2,y_t_aceptacion_digital_lag3,y_t_aceptacion_digital_lag4,y_t_aceptacion_digital_lag5,y_t_aceptacion_digital_lag6,sentimiento_medios_lag1,sentimiento_medios_lag2,sentimiento_medios_lag3,sentimiento_medios_lag4,sentimiento_medios_lag5,sentimiento_medios_lag6,v5_agua_neto_lag1,v5_agua_neto_lag2,v5_agua_neto_lag3,v5_agua_neto_lag4,v5_agua_neto_lag5,v5_agua_neto_lag6,v5_alumbrado_neto_lag1,v5_alumbrado_neto_lag2,v5_alumbrado_neto_lag3,v5_alumbrado_neto_lag4,v5_alumbrado_neto_lag5,v5_alumbrado_neto_lag6,v5_americo_neto_lag1,v5_americo_neto_lag2,v5_americo_neto_lag3,v5_americo_neto_lag4,v5_americo_neto_lag5,v5_americo_neto_lag6,v5_basura_neto_lag1,v5_basura_neto_lag2,v5_basura_neto_lag3,v5_basura_neto_lag4,v5_basura_neto_lag5,v5_basura_neto_lag6,v5_corrupcion_neto_lag1,v5_corrupcion_neto_lag2,v5_corrupcion_neto_lag3,v5_corrupcion_neto_lag4,v5_corrupcion_neto_lag5,v5_corrupcion_neto_lag6,v5_delitos_neto_lag1,v5_delitos_neto_lag2,v5_delitos_neto_lag3,v5_delitos_neto_lag4,v5_delitos_neto_lag5,v5_delitos_neto_lag6,v5_morena_neto_lag1,v5_morena_neto_lag2,v5_morena_neto_lag3,v5_morena_neto_lag4,v5_morena_neto_lag5,v5_morena_neto_lag6,v5_obras_neto_lag1,v5_obras_neto_lag2,v5_obras_neto_lag3,v5_obras_neto_lag4,v5_obras_neto_lag5,v5_obras_neto_lag6,v5_prevencion_neto_lag1,v5_prevencion_neto_lag2,v5_prevencion_neto_lag3,v5_prevencion_neto_lag4,v5_prevencion_neto_lag5,v5_prevencion_neto_lag6,v5_vialidad_neto_lag1,v5_vialidad_neto_lag2,v5_vialidad_neto_lag3,v5_vialidad_neto_lag4,v5_vialidad_neto_lag5,v5_vialidad_neto_lag6",1.0,,,,,4,bandas_5clases,all,C1_v1_clean,random_forest_classifier
2025-11-10,0.0692562741764684,0.0821158156091689,0.012859541432700503,2,2,se_mantiene,se_mantiene,se_mantiene,se_mantiene,83,"sentimiento_medios,v5_agua_neto,v5_alumbrado_neto,v5_americo_neto,v5_basura_neto,v5_corrupcion_neto,v5_delitos_neto,v5_morena_neto,v5_obras_neto,v5_prevencion_neto,v5_vialidad_neto,y_t_aceptacion_digital_lag1,y_t_aceptacion_digital_lag2,y_t_aceptacion_digital_lag3,y_t_aceptacion_digital_lag4,y_t_aceptacion_digital_lag5,y_t_aceptacion_digital_lag6,sentimiento_medios_lag1,sentimiento_medios_lag2,sentimiento_medios_lag3,sentimiento_medios_lag4,sentimiento_medios_lag5,sentimiento_medios_lag6,v5_agua_neto_lag1,v5_agua_neto_lag2,v5_agua_neto_lag3,v5_agua_neto_lag4,v5_agua_neto_lag5,v5_agua_neto_lag6,v5_alumbrado_neto_lag1,v5_alumbrado_neto_lag2,v5_alumbrado_neto_lag3,v5_alumbrado_neto_lag4,v5_alumbrado_neto_lag5,v5_alumbrado_neto_lag6,v5_americo_neto_lag1,v5_americo_neto_lag2,v5_americo_neto_lag3,v5_americo_neto_lag4,v5_americo_neto_lag5,v5_americo_neto_lag6,v5_basura_neto_lag1,v5_basura_neto_lag2,v5_basura_neto_lag3,v5_basura_neto_lag4,v5_basura_neto_lag5,v5_basura_neto_lag6,v5_corrupcion_neto_lag1,v5_corrupcion_neto_lag2,v5_corrupcion_neto_lag3,v5_corrupcion_neto_lag4,v5_corrupcion_neto_lag5,v5_corrupcion_neto_lag6,v5_delitos_neto_lag1,v5_delitos_neto_lag2,v5_delitos_neto_lag3,v5_delitos_neto_lag4,v5_delitos_neto_lag5,v5_delitos_neto_lag6,v5_morena_neto_lag1,v5_morena_neto_lag2,v5_morena_neto_lag3,v5_morena_neto_lag4,v5_morena_neto_lag5,v5_morena_neto_lag6,v5_obras_neto_lag1,v5_obras_neto_lag2,v5_obras_neto_lag3,v5_obras_neto_lag4,v5_obras_neto_lag5,v5_obras_neto_lag6,v5_prevencion_neto_lag1,v5_prevencion_neto_lag2,v5_prevencion_neto_lag3,v5_prevencion_neto_lag4,v5_prevencion_neto_lag5,v5_prevencion_neto_lag6,v5_vialidad_neto_lag1,v5_vialidad_neto_lag2,v5_vialidad_neto_lag3,v5_vialidad_neto_lag4,v5_vialidad_neto_lag5,v5_vialidad_neto_lag6",1.0,,,,,4,bandas_5clases,all,C1_v1_clean,random_forest_classifier
2025-11-17,0.218016998769719,0.303813076524669,0.08579607775494999,2,2,se_mantiene,se_mantiene,se_mantiene,se_mantiene,83,"sentimiento_medios,v5_agua_neto,v5_alumbrado_neto,v5_americo_neto,v5_basura_neto,v5_corrupcion_neto,v5_delitos_neto,v5_morena_neto,v5_obras_neto,v5_prevencion_neto,v5_vialidad_neto,y_t_aceptacion_digital_lag1,y_t_aceptacion_digital_lag2,y_t_aceptacion_digital_lag3,y_t_aceptacion_digital_lag4,y_t_aceptacion_digital_lag5,y_t_aceptacion_digital_lag6,sentimiento_medios_lag1,sentimiento_medios_lag2,sentimiento_medios_lag3,sentimiento_medios_lag4,sentimiento_medios_lag5,sentimiento_medios_lag6,v5_agua_neto_lag1,v5_agua_neto_lag2,v5_agua_neto_lag3,v5_agua_neto_lag4,v5_agua_neto_lag5,v5_agua_neto_lag6,v5_alumbrado_neto_lag1,v5_alumbrado_neto_lag2,v5_alumbrado_neto_lag3,v5_alumbrado_neto_lag4,v5_alumbrado_neto_lag5,v5_alumbrado_neto_lag6,v5_americo_neto_lag1,v5_americo_neto_lag2,v5_americo_neto_lag3,v5_americo_neto_lag4,v5_americo_neto_lag5,v5_americo_neto_lag6,v5_basura_neto_lag1,v5_basura_neto_lag2,v5_basura_neto_lag3,v5_basura_neto_lag4,v5_basura_neto_lag5,v5_basura_neto_lag6,v5_corrupcion_neto_lag1,v5_corrupcion_neto_lag2,v5_corrupcion_neto_lag3,v5_corrupcion_neto_lag4,v5_corrupcion_neto_lag5,v5_corrupcion_neto_lag6,v5_delitos_neto_lag1,v5_delitos_neto_lag2,v5_delitos_neto_lag3,v5_delitos_neto_lag4,v5_delitos_neto_lag5,v5_delitos_neto_lag6,v5_morena_neto_lag1,v5_morena_neto_lag2,v5_morena_neto_lag3,v5_morena_neto_lag4,v5_morena_neto_lag5,v5_morena_neto_lag6,v5_obras_neto_lag1,v5_obras_neto_lag2,v5_obras_neto_lag3,v5_obras_neto_lag4,v5_obras_neto_lag5,v5_obras_neto_lag6,v5_prevencion_neto_lag1,v5_prevencion_neto_lag2,v5_prevencion_neto_lag3,v5_prevencion_neto_lag4,v5_prevencion_neto_lag5,v5_prevencion_neto_lag6,v5_vialidad_neto_lag1,v5_vialidad_neto_lag2,v5_vialidad_neto_lag3,v5_vialidad_neto_lag4,v5_vialidad_neto_lag5,v5_vialidad_neto_lag6",1.0,,,,,4,bandas_5clases,all,C1_v1_clean,random_forest_classifier
2025-11-24,0.12751595957534,0.0677012815654136,-0.0598146780099264,2,2,se_mantiene,se_mantiene,se_mantiene,se_mantiene,83,"sentimiento_medios,v5_agua_neto,v5_alumbrado_neto,v5_americo_neto,v5_basura_neto,v5_corrupcion_neto,v5_delitos_neto,v5_morena_neto,v5_obras_neto,v5_prevencion_neto,v5_vialidad_neto,y_t_aceptacion_digital_lag1,y_t_aceptacion_digital_lag2,y_t_aceptacion_digital_lag3,y_t_aceptacion_digital_lag4,y_t_aceptacion_digital_lag5,y_t_aceptacion_digital_lag6,sentimiento_medios_lag1,sentimiento_medios_lag2,sentimiento_medios_lag3,sentimiento_medios_lag4,sentimiento_medios_lag5,sentimiento_medios_lag6,v5_agua_neto_lag1,v5_agua_neto_lag2,v5_agua_neto_lag3,v5_agua_neto_lag4,v5_agua_neto_lag5,v5_agua_neto_lag6,v5_alumbrado_neto_lag1,v5_alumbrado_neto_lag2,v5_alumbrado_neto_lag3,v5_alumbrado_neto_lag4,v5_alumbrado_neto_lag5,v5_alumbrado_neto_lag6,v5_americo_neto_lag1,v5_americo_neto_lag2,v5_americo_neto_lag3,v5_americo_neto_lag4,v5_americo_neto_lag5,v5_americo_neto_lag6,v5_basura_neto_lag1,v5_basura_neto_lag2,v5_basura_neto_lag3,v5_basura_neto_lag4,v5_basura_neto_lag5,v5_basura_neto_lag6,v5_corrupcion_neto_lag1,v5_corrupcion_neto_lag2,v5_corrupcion_neto_lag3,v5_corrupcion_neto_lag4,v5_corrupcion_neto_lag5,v5_corrupcion_neto_lag6,v5_delitos_neto_lag1,v5_delitos_neto_lag2,v5_delitos_neto_lag3,v5_delitos_neto_lag4,v5_delitos_neto_lag5,v5_delitos_neto_lag6,v5_morena_neto_lag1,v5_morena_neto_lag2,v5_morena_neto_lag3,v5_morena_neto_lag4,v5_morena_neto_lag5,v5_morena_neto_lag6,v5_obras_neto_lag1,v5_obras_neto_lag2,v5_obras_neto_lag3,v5_obras_neto_lag4,v5_obras_neto_lag5,v5_obras_neto_lag6,v5_prevencion_neto_lag1,v5_prevencion_neto_lag2,v5_prevencion_neto_lag3,v5_prevencion_neto_lag4,v5_prevencion_neto_lag5,v5_prevencion_neto_lag6,v5_vialidad_neto_lag1,v5_vialidad_neto_lag2,v5_vialidad_neto_lag3,v5_vialidad_neto_lag4,v5_vialidad_neto_lag5,v5_vialidad_neto_lag6",1.0,,,,,4,bandas_5clases,all,C1_v1_clean,random_forest_classifier
2025-12-01,0.279605962079427,0.583621878201202,0.30401591612177503,2,2,se_mantiene,se_mantiene,se_mantiene,se_mantiene,83,"sentimiento_medios,v5_agua_neto,v5_alumbrado_neto,v5_americo_neto,v5_basura_neto,v5_corrupcion_neto,v5_delitos_neto,v5_morena_neto,v5_obras_neto,v5_prevencion_neto,v5_vialidad_neto,y_t_aceptacion_digital_lag1,y_t_aceptacion_digital_lag2,y_t_aceptacion_digital_lag3,y_t_aceptacion_digital_lag4,y_t_aceptacion_digital_lag5,y_t_aceptacion_digital_lag6,sentimiento_medios_lag1,sentimiento_medios_lag2,sentimiento_medios_lag3,sentimiento_medios_lag4,sentimiento_medios_lag5,sentimiento_medios_lag6,v5_agua_neto_lag1,v5_agua_neto_lag2,v5_agua_neto_lag3,v5_agua_neto_lag4,v5_agua_neto_lag5,v5_agua_neto_lag6,v5_alumbrado_neto_lag1,v5_alumbrado_neto_lag2,v5_alumbrado_neto_lag3,v5_alumbrado_neto_lag4,v5_alumbrado_neto_lag5,v5_alumbrado_neto_lag6,v5_americo_neto_lag1,v5_americo_neto_lag2,v5_americo_neto_lag3,v5_americo_neto_lag4,v5_americo_neto_lag5,v5_americo_neto_lag6,v5_basura_neto_lag1,v5_basura_neto_lag2,v5_basura_neto_lag3,v5_basura_neto_lag4,v5_basura_neto_lag5,v5_basura_neto_lag6,v5_corrupcion_neto_lag1,v5_corrupcion_neto_lag2,v5_corrupcion_neto_lag3,v5_corrupcion_neto_lag4,v5_corrupcion_neto_lag5,v5_corrupcion_neto_lag6,v5_delitos_neto_lag1,v5_delitos_neto_lag2,v5_delitos_neto_lag3,v5_delitos_neto_lag4,v5_delitos_neto_lag5,v5_delitos_neto_lag6,v5_morena_neto_lag1,v5_morena_neto_lag2,v5_morena_neto_lag3,v5_morena_neto_lag4,v5_morena_neto_lag5,v5_morena_neto_lag6,v5_obras_neto_lag1,v5_obras_neto_lag2,v5_obras_neto_lag3,v5_obras_neto_lag4,v5_obras_neto_lag5,v5_obras_neto_lag6,v5_prevencion_neto_lag1,v5_prevencion_neto_lag2,v5_prevencion_neto_lag3,v5_prevencion_neto_lag4,v5_prevencion_neto_lag5,v5_prevencion_neto_lag6,v5_vialidad_neto_lag1,v5_vialidad_neto_lag2,v5_vialidad_neto_lag3,v5_vialidad_neto_lag4,v5_vialidad_neto_lag5,v5_vialidad_neto_lag6",1.0,,,,,4,bandas_5clases,all,C1_v1_clean,random_forest_classifier
2025-12-08,0.0821158156091689,0.108341978085893,0.026226162476724102,2,2,se_mantiene,se_mantiene,se_mantiene,se_mantiene,83,"sentimiento_medios,v5_agua_neto,v5_alumbrado_neto,v5_americo_neto,v5_basura_neto,v5_corrupcion_neto,v5_delitos_neto,v5_morena_neto,v5_obras_neto,v5_prevencion_neto,v5_vialidad_neto,y_t_aceptacion_digital_lag1,y_t_aceptacion_digital_lag2,y_t_aceptacion_digital_lag3,y_t_aceptacion_digital_lag4,y_t_aceptacion_digital_lag5,y_t_aceptacion_digital_lag6,sentimiento_medios_lag1,sentimiento_medios_lag2,sentimiento_medios_lag3,sentimiento_medios_lag4,sentimiento_medios_lag5,sentimiento_medios_lag6,v5_agua_neto_lag1,v5_agua_neto_lag2,v5_agua_neto_lag3,v5_agua_neto_lag4,v5_agua_neto_lag5,v5_agua_neto_lag6,v5_alumbrado_neto_lag1,v5_alumbrado_neto_lag2,v5_alumbrado_neto_lag3,v5_alumbrado_neto_lag4,v5_alumbrado_neto_lag5,v5_alumbrado_neto_lag6,v5_americo_neto_lag1,v5_americo_neto_lag2,v5_americo_neto_lag3,v5_americo_neto_lag4,v5_americo_neto_lag5,v5_americo_neto_lag6,v5_basura_neto_lag1,v5_basura_neto_lag2,v5_basura_neto_lag3,v5_basura_neto_lag4,v5_basura_neto_lag5,v5_basura_neto_lag6,v5_corrupcion_neto_lag1,v5_corrupcion_neto_lag2,v5_corrupcion_neto_lag3,v5_corrupcion_neto_lag4,v5_corrupcion_neto_lag5,v5_corrupcion_neto_lag6,v5_delitos_neto_lag1,v5_delitos_neto_lag2,v5_delitos_neto_lag3,v5_delitos_neto_lag4,v5_delitos_neto_lag5,v5_delitos_neto_lag6,v5_morena_neto_lag1,v5_morena_neto_lag2,v5_morena_neto_lag3,v5_morena_neto_lag4,v5_morena_neto_lag5,v5_morena_neto_lag6,v5_obras_neto_lag1,v5_obras_neto_lag2,v5_obras_neto_lag3,v5_obras_neto_lag4,v5_obras_neto_lag5,v5_obras_neto_lag6,v5_prevencion_neto_lag1,v5_prevencion_neto_lag2,v5_prevencion_neto_lag3,v5_prevencion_neto_lag4,v5_prevencion_neto_lag5,v5_prevencion_neto_lag6,v5_vialidad_neto_lag1,v5_vialidad_neto_lag2,v5_vialidad_neto_lag3,v5_vialidad_neto_lag4,v5_vialidad_neto_lag5,v5_vialidad_neto_lag6",1.0,,,,,4,bandas_5clases,all,C1_v1_clean,random_forest_classifier
2025-12-15,0.303813076524669,0.0687870202028637,-0.2350260563218053,2,2,se_mantiene,se_mantiene,se_mantiene,se_mantiene,83,"sentimiento_medios,v5_agua_neto,v5_alumbrado_neto,v5_americo_neto,v5_basura_neto,v5_corrupcion_neto,v5_delitos_neto,v5_morena_neto,v5_obras_neto,v5_prevencion_neto,v5_vialidad_neto,y_t_aceptacion_digital_lag1,y_t_aceptacion_digital_lag2,y_t_aceptacion_digital_lag3,y_t_aceptacion_digital_lag4,y_t_aceptacion_digital_lag5,y_t_aceptacion_digital_lag6,sentimiento_medios_lag1,sentimiento_medios_lag2,sentimiento_medios_lag3,sentimiento_medios_lag4,sentimiento_medios_lag5,sentimiento_medios_lag6,v5_agua_neto_lag1,v5_agua_neto_lag2,v5_agua_neto_lag3,v5_agua_neto_lag4,v5_agua_neto_lag5,v5_agua_neto_lag6,v5_alumbrado_neto_lag1,v5_alumbrado_neto_lag2,v5_alumbrado_neto_lag3,v5_alumbrado_neto_lag4,v5_alumbrado_neto_lag5,v5_alumbrado_neto_lag6,v5_americo_neto_lag1,v5_americo_neto_lag2,v5_americo_neto_lag3,v5_americo_neto_lag4,v5_americo_neto_lag5,v5_americo_neto_lag6,v5_basura_neto_lag1,v5_basura_neto_lag2,v5_basura_neto_lag3,v5_basura_neto_lag4,v5_basura_neto_lag5,v5_basura_neto_lag6,v5_corrupcion_neto_lag1,v5_corrupcion_neto_lag2,v5_corrupcion_neto_lag3,v5_corrupcion_neto_lag4,v5_corrupcion_neto_lag5,v5_corrupcion_neto_lag6,v5_delitos_neto_lag1,v5_delitos_neto_lag2,v5_delitos_neto_lag3,v5_delitos_neto_lag4,v5_delitos_neto_lag5,v5_delitos_neto_lag6,v5_morena_neto_lag1,v5_morena_neto_lag2,v5_morena_neto_lag3,v5_morena_neto_lag4,v5_morena_neto_lag5,v5_morena_neto_lag6,v5_obras_neto_lag1,v5_obras_neto_lag2,v5_obras_neto_lag3,v5_obras_neto_lag4,v5_obras_neto_lag5,v5_obras_neto_lag6,v5_prevencion_neto_lag1,v5_prevencion_neto_lag2,v5_prevencion_neto_lag3,v5_prevencion_neto_lag4,v5_prevencion_neto_lag5,v5_prevencion_neto_lag6,v5_vialidad_neto_lag1,v5_vialidad_neto_lag2,v5_vialidad_neto_lag3,v5_vialidad_neto_lag4,v5_vialidad_neto_lag5,v5_vialidad_neto_lag6",1.0,,,,,4,bandas_5clases,all,C1_v1_clean,random_forest_classifier
2025-12-22,0.0677012815654136,0.245426229585526,0.1777249480201124,2,2,se_mantiene,se_mantiene,se_mantiene,se_mantiene,83,"sentimiento_medios,v5_agua_neto,v5_alumbrado_neto,v5_americo_neto,v5_basura_neto,v5_corrupcion_neto,v5_delitos_neto,v5_morena_neto,v5_obras_neto,v5_prevencion_neto,v5_vialidad_neto,y_t_aceptacion_digital_lag1,y_t_aceptacion_digital_lag2,y_t_aceptacion_digital_lag3,y_t_aceptacion_digital_lag4,y_t_aceptacion_digital_lag5,y_t_aceptacion_digital_lag6,sentimiento_medios_lag1,sentimiento_medios_lag2,sentimiento_medios_lag3,sentimiento_medios_lag4,sentimiento_medios_lag5,sentimiento_medios_lag6,v5_agua_neto_lag1,v5_agua_neto_lag2,v5_agua_neto_lag3,v5_agua_neto_lag4,v5_agua_neto_lag5,v5_agua_neto_lag6,v5_alumbrado_neto_lag1,v5_alumbrado_neto_lag2,v5_alumbrado_neto_lag3,v5_alumbrado_neto_lag4,v5_alumbrado_neto_lag5,v5_alumbrado_neto_lag6,v5_americo_neto_lag1,v5_americo_neto_lag2,v5_americo_neto_lag3,v5_americo_neto_lag4,v5_americo_neto_lag5,v5_americo_neto_lag6,v5_basura_neto_lag1,v5_basura_neto_lag2,v5_basura_neto_lag3,v5_basura_neto_lag4,v5_basura_neto_lag5,v5_basura_neto_lag6,v5_corrupcion_neto_lag1,v5_corrupcion_neto_lag2,v5_corrupcion_neto_lag3,v5_corrupcion_neto_lag4,v5_corrupcion_neto_lag5,v5_corrupcion_neto_lag6,v5_delitos_neto_lag1,v5_delitos_neto_lag2,v5_delitos_neto_lag3,v5_delitos_neto_lag4,v5_delitos_neto_lag5,v5_delitos_neto_lag6,v5_morena_neto_lag1,v5_morena_neto_lag2,v5_morena_neto_lag3,v5_morena_neto_lag4,v5_morena_neto_lag5,v5_morena_neto_lag6,v5_obras_neto_lag1,v5_obras_neto_lag2,v5_obras_neto_lag3,v5_obras_neto_lag4,v5_obras_neto_lag5,v5_obras_neto_lag6,v5_prevencion_neto_lag1,v5_prevencion_neto_lag2,v5_prevencion_neto_lag3,v5_prevencion_neto_lag4,v5_prevencion_neto_lag5,v5_prevencion_neto_lag6,v5_vialidad_neto_lag1,v5_vialidad_neto_lag2,v5_vialidad_neto_lag3,v5_vialidad_neto_lag4,v5_vialidad_neto_lag5,v5_vialidad_neto_lag6",1.0,,,,,4,bandas_5clases,all,C1_v1_clean,random_forest_classifier
2025-12-29,0.583621878201202,0.320565191490885,-0.263056686710317,2,2,se_mantiene,se_mantiene,se_mantiene,se_mantiene,83,"sentimiento_medios,v5_agua_neto,v5_alumbrado_neto,v5_americo_neto,v5_basura_neto,v5_corrupcion_neto,v5_delitos_neto,v5_morena_neto,v5_obras_neto,v5_prevencion_neto,v5_vialidad_neto,y_t_aceptacion_digital_lag1,y_t_aceptacion_digital_lag2,y_t_aceptacion_digital_lag3,y_t_aceptacion_digital_lag4,y_t_aceptacion_digital_lag5,y_t_aceptacion_digital_lag6,sentimiento_medios_lag1,sentimiento_medios_lag2,sentimiento_medios_lag3,sentimiento_medios_lag4,sentimiento_medios_lag5,sentimiento_medios_lag6,v5_agua_neto_lag1,v5_agua_neto_lag2,v5_agua_neto_lag3,v5_agua_neto_lag4,v5_agua_neto_lag5,v5_agua_neto_lag6,v5_alumbrado_neto_lag1,v5_alumbrado_neto_lag2,v5_alumbrado_neto_lag3,v5_alumbrado_neto_lag4,v5_alumbrado_neto_lag5,v5_alumbrado_neto_lag6,v5_americo_neto_lag1,v5_americo_neto_lag2,v5_americo_neto_lag3,v5_americo_neto_lag4,v5_americo_neto_lag5,v5_americo_neto_lag6,v5_basura_neto_lag1,v5_basura_neto_lag2,v5_basura_neto_lag3,v5_basura_neto_lag4,v5_basura_neto_lag5,v5_basura_neto_lag6,v5_corrupcion_neto_lag1,v5_corrupcion_neto_lag2,v5_corrupcion_neto_lag3,v5_corrupcion_neto_lag4,v5_corrupcion_neto_lag5,v5_corrupcion_neto_lag6,v5_delitos_neto_lag1,v5_delitos_neto_lag2,v5_delitos_neto_lag3,v5_delitos_neto_lag4,v5_delitos_neto_lag5,v5_delitos_neto_lag6,v5_morena_neto_lag1,v5_morena_neto_lag2,v5_morena_neto_lag3,v5_morena_neto_lag4,v5_morena_neto_lag5,v5_morena_neto_lag6,v5_obras_neto_lag1,v5_obras_neto_lag2,v5_obras_neto_lag3,v5_obras_neto_lag4,v5_obras_neto_lag5,v5_obras_neto_lag6,v5_prevencion_neto_lag1,v5_prevencion_neto_lag2,v5_prevencion_neto_lag3,v5_prevencion_neto_lag4,v5_prevencion_neto_lag5,v5_prevencion_neto_lag6,v5_vialidad_neto_lag1,v5_vialidad_neto_lag2,v5_vialidad_neto_lag3,v5_vialidad_neto_lag4,v5_vialidad_neto_lag5,v5_vialidad_neto_lag6",1.0,,,,,4,bandas_5clases,all,C1_v1_clean,random_forest_classifier
2026-01-05,0.108341978085893,0.170007405822799,0.06166542773690599,2,2,se_mantiene,se_mantiene,se_mantiene,se_mantiene,83,"sentimiento_medios,v5_agua_neto,v5_alumbrado_neto,v5_americo_neto,v5_basura_neto,v5_corrupcion_neto,v5_delitos_neto,v5_morena_neto,v5_obras_neto,v5_prevencion_neto,v5_vialidad_neto,y_t_aceptacion_digital_lag1,y_t_aceptacion_digital_lag2,y_t_aceptacion_digital_lag3,y_t_aceptacion_digital_lag4,y_t_aceptacion_digital_lag5,y_t_aceptacion_digital_lag6,sentimiento_medios_lag1,sentimiento_medios_lag2,sentimiento_medios_lag3,sentimiento_medios_lag4,sentimiento_medios_lag5,sentimiento_medios_lag6,v5_agua_neto_lag1,v5_agua_neto_lag2,v5_agua_neto_lag3,v5_agua_neto_lag4,v5_agua_neto_lag5,v5_agua_neto_lag6,v5_alumbrado_neto_lag1,v5_alumbrado_neto_lag2,v5_alumbrado_neto_lag3,v5_alumbrado_neto_lag4,v5_alumbrado_neto_lag5,v5_alumbrado_neto_lag6,v5_americo_neto_lag1,v5_americo_neto_lag2,v5_americo_neto_lag3,v5_americo_neto_lag4,v5_americo_neto_lag5,v5_americo_neto_lag6,v5_basura_neto_lag1,v5_basura_neto_lag2,v5_basura_neto_lag3,v5_basura_neto_lag4,v5_basura_neto_lag5,v5_basura_neto_lag6,v5_corrupcion_neto_lag1,v5_corrupcion_neto_lag2,v5_corrupcion_neto_lag3,v5_corrupcion_neto_lag4,v5_corrupcion_neto_lag5,v5_corrupcion_neto_lag6,v5_delitos_neto_lag1,v5_delitos_neto_lag2,v5_delitos_neto_lag3,v5_delitos_neto_lag4,v5_delitos_neto_lag5,v5_delitos_neto_lag6,v5_morena_neto_lag1,v5_morena_neto_lag2,v5_morena_neto_lag3,v5_morena_neto_lag4,v5_morena_neto_lag5,v5_morena_neto_lag6,v5_obras_neto_lag1,v5_obras_neto_lag2,v5_obras_neto_lag3,v5_obras_neto_lag4,v5_obras_neto_lag5,v5_obras_neto_lag6,v5_prevencion_neto_lag1,v5_prevencion_neto_lag2,v5_prevencion_neto_lag3,v5_prevencion_neto_lag4,v5_prevencion_neto_lag5,v5_prevencion_neto_lag6,v5_vialidad_neto_lag1,v5_vialidad_neto_lag2,v5_vialidad_neto_lag3,v5_vialidad_neto_lag4,v5_vialidad_neto_lag5,v5_vialidad_neto_lag6",1.0,,,,,4,bandas_5clases,all,C1_v1_clean,random_forest_classifier
2026-01-12,0.0687870202028637,-0.0198367240853288,-0.0886237442881925,2,2,se_mantiene,se_mantiene,se_mantiene,se_mantiene,83,"sentimiento_medios,v5_agua_neto,v5_alumbrado_neto,v5_americo_neto,v5_basura_neto,v5_corrupcion_neto,v5_delitos_neto,v5_morena_neto,v5_obras_neto,v5_prevencion_neto,v5_vialidad_neto,y_t_aceptacion_digital_lag1,y_t_aceptacion_digital_lag2,y_t_aceptacion_digital_lag3,y_t_aceptacion_digital_lag4,y_t_aceptacion_digital_lag5,y_t_aceptacion_digital_lag6,sentimiento_medios_lag1,sentimiento_medios_lag2,sentimiento_medios_lag3,sentimiento_medios_lag4,sentimiento_medios_lag5,sentimiento_medios_lag6,v5_agua_neto_lag1,v5_agua_neto_lag2,v5_agua_neto_lag3,v5_agua_neto_lag4,v5_agua_neto_lag5,v5_agua_neto_lag6,v5_alumbrado_neto_lag1,v5_alumbrado_neto_lag2,v5_alumbrado_neto_lag3,v5_alumbrado_neto_lag4,v5_alumbrado_neto_lag5,v5_alumbrado_neto_lag6,v5_americo_neto_lag1,v5_americo_neto_lag2,v5_americo_neto_lag3,v5_americo_neto_lag4,v5_americo_neto_lag5,v5_americo_neto_lag6,v5_basura_neto_lag1,v5_basura_neto_lag2,v5_basura_neto_lag3,v5_basura_neto_lag4,v5_basura_neto_lag5,v5_basura_neto_lag6,v5_corrupcion_neto_lag1,v5_corrupcion_neto_lag2,v5_corrupcion_neto_lag3,v5_corrupcion_neto_lag4,v5_corrupcion_neto_lag5,v5_corrupcion_neto_lag6,v5_delitos_neto_lag1,v5_delitos_neto_lag2,v5_delitos_neto_lag3,v5_delitos_neto_lag4,v5_delitos_neto_lag5,v5_delitos_neto_lag6,v5_morena_neto_lag1,v5_morena_neto_lag2,v5_morena_neto_lag3,v5_morena_neto_lag4,v5_morena_neto_lag5,v5_morena_neto_lag6,v5_obras_neto_lag1,v5_obras_neto_lag2,v5_obras_neto_lag3,v5_obras_neto_lag4,v5_obras_neto_lag5,v5_obras_neto_lag6,v5_prevencion_neto_lag1,v5_prevencion_neto_lag2,v5_prevencion_neto_lag3,v5_prevencion_neto_lag4,v5_prevencion_neto_lag5,v5_prevencion_neto_lag6,v5_vialidad_neto_lag1,v5_vialidad_neto_lag2,v5_vialidad_neto_lag3,v5_vialidad_neto_lag4,v5_vialidad_neto_lag5,v5_vialidad_neto_lag6",1.0,,,,,4,bandas_5clases,all,C1_v1_clean,random_forest_classifier
2026-01-19,0.245426229585526,0.09601968864463678,-0.14940654094088923,2,2,se_mantiene,se_mantiene,se_mantiene,se_mantiene,83,"sentimiento_medios,v5_agua_neto,v5_alumbrado_neto,v5_americo_neto,v5_basura_neto,v5_corrupcion_neto,v5_delitos_neto,v5_morena_neto,v5_obras_neto,v5_prevencion_neto,v5_vialidad_neto,y_t_aceptacion_digital_lag1,y_t_aceptacion_digital_lag2,y_t_aceptacion_digital_lag3,y_t_aceptacion_digital_lag4,y_t_aceptacion_digital_lag5,y_t_aceptacion_digital_lag6,sentimiento_medios_lag1,sentimiento_medios_lag2,sentimiento_medios_lag3,sentimiento_medios_lag4,sentimiento_medios_lag5,sentimiento_medios_lag6,v5_agua_neto_lag1,v5_agua_neto_lag2,v5_agua_neto_lag3,v5_agua_neto_lag4,v5_agua_neto_lag5,v5_agua_neto_lag6,v5_alumbrado_neto_lag1,v5_alumbrado_neto_lag2,v5_alumbrado_neto_lag3,v5_alumbrado_neto_lag4,v5_alumbrado_neto_lag5,v5_alumbrado_neto_lag6,v5_americo_neto_lag1,v5_americo_neto_lag2,v5_americo_neto_lag3,v5_americo_neto_lag4,v5_americo_neto_lag5,v5_americo_neto_lag6,v5_basura_neto_lag1,v5_basura_neto_lag2,v5_basura_neto_lag3,v5_basura_neto_lag4,v5_basura_neto_lag5,v5_basura_neto_lag6,v5_corrupcion_neto_lag1,v5_corrupcion_neto_lag2,v5_corrupcion_neto_lag3,v5_corrupcion_neto_lag4,v5_corrupcion_neto_lag5,v5_corrupcion_neto_lag6,v5_delitos_neto_lag1,v5_delitos_neto_lag2,v5_delitos_neto_lag3,v5_delitos_neto_lag4,v5_delitos_neto_lag5,v5_delitos_neto_lag6,v5_morena_neto_lag1,v5_morena_neto_lag2,v5_morena_neto_lag3,v5_morena_neto_lag4,v5_morena_neto_lag5,v5_morena_neto_lag6,v5_obras_neto_lag1,v5_obras_neto_lag2,v5_obras_neto_lag3,v5_obras_neto_lag4,v5_obras_neto_lag5,v5_obras_neto_lag6,v5_prevencion_neto_lag1,v5_prevencion_neto_lag2,v5_prevencion_neto_lag3,v5_prevencion_neto_lag4,v5_prevencion_neto_lag5,v5_prevencion_neto_lag6,v5_vialidad_neto_lag1,v5_vialidad_neto_lag2,v5_vialidad_neto_lag3,v5_vialidad_neto_lag4,v5_vialidad_neto_lag5,v5_vialidad_neto_lag6",1.0,,,,,4,bandas_5clases,all,C1_v1_clean,random_forest_classifier
2026-01-26,0.320565191490885,0.27725068164164,-0.04331450984924501,2,2,se_mantiene,se_mantiene,se_mantiene,se_mantiene,83,"sentimiento_medios,v5_agua_neto,v5_alumbrado_neto,v5_americo_neto,v5_basura_neto,v5_corrupcion_neto,v5_delitos_neto,v5_morena_neto,v5_obras_neto,v5_prevencion_neto,v5_vialidad_neto,y_t_aceptacion_digital_lag1,y_t_aceptacion_digital_lag2,y_t_aceptacion_digital_lag3,y_t_aceptacion_digital_lag4,y_t_aceptacion_digital_lag5,y_t_aceptacion_digital_lag6,sentimiento_medios_lag1,sentimiento_medios_lag2,sentimiento_medios_lag3,sentimiento_medios_lag4,sentimiento_medios_lag5,sentimiento_medios_lag6,v5_agua_neto_lag1,v5_agua_neto_lag2,v5_agua_neto_lag3,v5_agua_neto_lag4,v5_agua_neto_lag5,v5_agua_neto_lag6,v5_alumbrado_neto_lag1,v5_alumbrado_neto_lag2,v5_alumbrado_neto_lag3,v5_alumbrado_neto_lag4,v5_alumbrado_neto_lag5,v5_alumbrado_neto_lag6,v5_americo_neto_lag1,v5_americo_neto_lag2,v5_americo_neto_lag3,v5_americo_neto_lag4,v5_americo_neto_lag5,v5_americo_neto_lag6,v5_basura_neto_lag1,v5_basura_neto_lag2,v5_basura_neto_lag3,v5_basura_neto_lag4,v5_basura_neto_lag5,v5_basura_neto_lag6,v5_corrupcion_neto_lag1,v5_corrupcion_neto_lag2,v5_corrupcion_neto_lag3,v5_corrupcion_neto_lag4,v5_corrupcion_neto_lag5,v5_corrupcion_neto_lag6,v5_delitos_neto_lag1,v5_delitos_neto_lag2,v5_delitos_neto_lag3,v5_delitos_neto_lag4,v5_delitos_neto_lag5,v5_delitos_neto_lag6,v5_morena_neto_lag1,v5_morena_neto_lag2,v5_morena_neto_lag3,v5_morena_neto_lag4,v5_morena_neto_lag5,v5_morena_neto_lag6,v5_obras_neto_lag1,v5_obras_neto_lag2,v5_obras_neto_lag3,v5_obras_neto_lag4,v5_obras_neto_lag5,v5_obras_neto_lag6,v5_prevencion_neto_lag1,v5_prevencion_neto_lag2,v5_prevencion_neto_lag3,v5_prevencion_neto_lag4,v5_prevencion_neto_lag5,v5_prevencion_neto_lag6,v5_vialidad_neto_lag1,v5_vialidad_neto_lag2,v5_vialidad_neto_lag3,v5_vialidad_neto_lag4,v5_vialidad_neto_lag5,v5_vialidad_neto_lag6",1.0,,,,,4,bandas_5clases,all,C1_v1_clean,random_forest_classifier
2026-02-02,0.170007405822799,0.210058588277401,0.04005118245460201,2,2,se_mantiene,se_mantiene,se_mantiene,se_mantiene,83,"sentimiento_medios,v5_agua_neto,v5_alumbrado_neto,v5_americo_neto,v5_basura_neto,v5_corrupcion_neto,v5_delitos_neto,v5_morena_neto,v5_obras_neto,v5_prevencion_neto,v5_vialidad_neto,y_t_aceptacion_digital_lag1,y_t_aceptacion_digital_lag2,y_t_aceptacion_digital_lag3,y_t_aceptacion_digital_lag4,y_t_aceptacion_digital_lag5,y_t_aceptacion_digital_lag6,sentimiento_medios_lag1,sentimiento_medios_lag2,sentimiento_medios_lag3,sentimiento_medios_lag4,sentimiento_medios_lag5,sentimiento_medios_lag6,v5_agua_neto_lag1,v5_agua_neto_lag2,v5_agua_neto_lag3,v5_agua_neto_lag4,v5_agua_neto_lag5,v5_agua_neto_lag6,v5_alumbrado_neto_lag1,v5_alumbrado_neto_lag2,v5_alumbrado_neto_lag3,v5_alumbrado_neto_lag4,v5_alumbrado_neto_lag5,v5_alumbrado_neto_lag6,v5_americo_neto_lag1,v5_americo_neto_lag2,v5_americo_neto_lag3,v5_americo_neto_lag4,v5_americo_neto_lag5,v5_americo_neto_lag6,v5_basura_neto_lag1,v5_basura_neto_lag2,v5_basura_neto_lag3,v5_basura_neto_lag4,v5_basura_neto_lag5,v5_basura_neto_lag6,v5_corrupcion_neto_lag1,v5_corrupcion_neto_lag2,v5_corrupcion_neto_lag3,v5_corrupcion_neto_lag4,v5_corrupcion_neto_lag5,v5_corrupcion_neto_lag6,v5_delitos_neto_lag1,v5_delitos_neto_lag2,v5_delitos_neto_lag3,v5_delitos_neto_lag4,v5_delitos_neto_lag5,v5_delitos_neto_lag6,v5_morena_neto_lag1,v5_morena_neto_lag2,v5_morena_neto_lag3,v5_morena_neto_lag4,v5_morena_neto_lag5,v5_morena_neto_lag6,v5_obras_neto_lag1,v5_obras_neto_lag2,v5_obras_neto_lag3,v5_obras_neto_lag4,v5_obras_neto_lag5,v5_obras_neto_lag6,v5_prevencion_neto_lag1,v5_prevencion_neto_lag2,v5_prevencion_neto_lag3,v5_prevencion_neto_lag4,v5_prevencion_neto_lag5,v5_prevencion_neto_lag6,v5_vialidad_neto_lag1,v5_vialidad_neto_lag2,v5_vialidad_neto_lag3,v5_vialidad_neto_lag4,v5_vialidad_neto_lag5,v5_vialidad_neto_lag6",1.0,,,,,4,bandas_5clases,all,C1_v1_clean,random_forest_classifier
